Step,Value
292,0.0
849,2.0
1099,3.0
1757,5.0
1849,6.0
1999,6.0
2050,6.0
2343,7.0
2449,8.0
3099,10.0
3199,10.0
3222,10.0
3449,11.0
3799,12.0
4099,13.0
4399,15.0
4549,15.0
4599,15.0
4899,16.0
5099,17.0
5449,18.0
5999,20.0
6449,22.0
6699,22.0
6799,23.0
7199,24.0
7249,24.0
7649,26.0
7899,26.0
7949,27.0
7999,27.0
8199,27.0
8499,29.0
8849,30.0
8899,30.0
9099,31.0
9599,32.0
9849,33.0
10049,34.0
10199,34.0
10699,36.0
10949,37.0
11149,38.0
11299,38.0
11449,39.0
11649,39.0
11719,39.0
12549,42.0
12749,43.0
12799,43.0
12999,44.0
13199,45.0
13299,45.0
13649,46.0
13699,46.0
13999,47.0
14149,48.0
14549,49.0
14899,50.0
15549,53.0
15749,53.0
15999,54.0
16149,55.0
16249,55.0
16799,57.0
17499,59.0
18049,61.0
18099,61.0
18165,61.0
18449,62.0
18799,64.0
18899,64.0
18949,64.0
19049,65.0
19337,65.0
19699,67.0
19849,67.0
19899,67.0
20299,69.0
21049,71.0
21099,72.0
21699,74.0
21949,74.0
21999,75.0
22149,75.0
22499,76.0
22749,77.0
22849,77.0
22949,78.0
23199,79.0
23439,79.0
23849,81.0
24099,82.0
24349,83.0
24549,83.0
24799,84.0
24899,84.0
24904,84.0
24999,85.0
25099,85.0
25149,85.0
25349,86.0
25399,86.0
25783,87.0
26049,88.0
26099,89.0
26349,89.0
26549,90.0
26649,90.0
27149,92.0
27449,93.0
27499,93.0
27549,94.0
27649,94.0
27699,94.0
27799,94.0
28299,96.0
28420,96.0
28599,97.0
28713,97.0
28849,98.0
29006,98.0
29049,99.0
29249,99.0
29449,100.0
29499,100.0
29899,102.0
30099,102.0
30199,103.0
30549,104.0
30749,104.0
30849,105.0
30899,105.0
30949,105.0
31249,106.0
31499,107.0
31599,107.0
31643,107.0
31799,108.0
31949,109.0
32099,109.0
32149,109.0
32199,109.0
32349,110.0
32749,111.0
32899,112.0
32949,112.0
32999,112.0
33099,112.0
33108,112.0
33399,113.0
33549,114.0
33599,114.0
33694,114.0
33749,115.0
33899,115.0
33949,115.0
33987,115.0
33999,116.0
34149,116.0
34299,117.0
34549,117.0
34573,117.0
34599,118.0
34866,118.0
35599,121.0
35749,122.0
35849,122.0
36049,123.0
37099,126.0
37199,126.0
37210,126.0
37399,127.0
37499,127.0
37649,128.0
37749,128.0
38089,129.0
38349,130.0
38499,131.0
38799,132.0
38899,132.0
39149,133.0
39249,133.0
39349,134.0
39399,134.0
39499,134.0
39847,135.0
39849,136.0
39999,136.0
40299,137.0
40433,137.0
40799,139.0
40999,139.0
41099,140.0
41149,140.0
41549,141.0
41599,141.0
41749,142.0
41799,142.0
41849,142.0
41898,142.0
42049,143.0
42099,143.0
42199,144.0
42249,144.0
42599,145.0
42777,145.0
42849,146.0
42949,146.0
42999,146.0
43363,147.0
43499,148.0
43849,149.0
43949,149.0
44099,150.0
44149,150.0
44349,151.0
44649,152.0
45121,153.0
45199,154.0
45449,155.0
45599,155.0
45699,155.0
45849,156.0
46000,156.0
46099,157.0
46299,158.0
46349,158.0
46399,158.0
46749,159.0
46999,160.0
47172,160.0
47199,161.0
47249,161.0
47649,162.0
47849,163.0
48449,165.0
48549,165.0
49399,168.0
49449,168.0
49599,169.0
49649,169.0
49699,169.0
50449,172.0
50688,172.0
50981,173.0
50999,174.0
51274,174.0
51349,175.0
51567,175.0
51649,176.0
51749,176.0
51899,177.0
52699,179.0
52749,180.0
52849,180.0
53199,181.0
53325,181.0
53649,183.0
53799,183.0
53911,183.0
54497,185.0
54790,186.0
55049,187.0
55199,188.0
55249,188.0
55299,188.0
55349,188.0
55599,189.0
55999,191.0
56249,191.0
56255,191.0
56399,192.0
56649,193.0
56749,193.0
56849,194.0
56999,194.0
57134,194.0
57149,195.0
57949,197.0
58399,199.0
58599,199.0
59199,202.0
59349,202.0
59399,202.0
59478,202.0
59499,203.0
60357,205.0
60399,206.0
60449,206.0
60650,206.0
60799,207.0
60949,208.0
61049,208.0
61236,208.0
61399,209.0
61549,210.0
62649,213.0
62699,213.0
63149,215.0
63499,216.0
63549,216.0
63649,217.0
63749,217.0
63799,217.0
64166,218.0
64459,219.0
65099,222.0
65149,222.0
65299,222.0
65599,223.0
66099,225.0
66299,226.0
66349,226.0
66449,226.0
66749,227.0
67049,228.0
67096,228.0
67449,230.0
67649,230.0
67699,231.0
67899,231.0
68268,232.0
68561,233.0
68599,234.0
68849,234.0
69149,236.0
69549,237.0
69599,237.0
69749,238.0
69999,238.0
70099,239.0
70199,239.0
70319,239.0
70449,240.0
70612,240.0
70949,242.0
71299,243.0
71399,243.0
71491,243.0
71599,244.0
71649,244.0
71899,245.0
71949,245.0
72299,246.0
72449,247.0
72499,247.0
72549,247.0
72649,247.0
72749,248.0
73049,249.0
73099,249.0
73449,250.0
73499,250.0
73849,252.0
74049,252.0
74128,252.0
74149,253.0
74249,253.0
74449,254.0
74499,254.0
74599,254.0
74649,254.0
74699,254.0
74899,255.0
75499,257.0
75886,258.0
76149,259.0
76449,260.0
76472,260.0
76849,262.0
77149,263.0
77549,264.0
77649,265.0
77949,266.0
78049,266.0
78230,266.0
78649,268.0
78699,268.0
78816,268.0
79049,269.0
79199,270.0
79749,272.0
79849,272.0
79899,272.0
80149,273.0
80199,273.0
80249,273.0
80299,274.0
80399,274.0
80899,276.0
81699,278.0
81949,279.0
82249,280.0
82499,281.0
82649,282.0
82749,282.0
82849,282.0
83099,283.0
83211,283.0
83299,284.0
83449,284.0
83549,285.0
83699,285.0
84090,286.0
84149,287.0
84676,288.0
84699,289.0
84749,289.0
85349,291.0
85549,291.0
85699,292.0
85849,293.0
85899,293.0
86049,293.0
86141,293.0
86199,294.0
86549,295.0
86649,295.0
86749,296.0
86899,296.0
87020,296.0
87099,297.0
87249,297.0
87349,298.0
88049,300.0
88349,301.0
88549,302.0
88599,302.0
88649,302.0
88749,302.0
88778,302.0
88849,303.0
88949,303.0
89099,304.0
89299,304.0
89499,305.0
89599,305.0
89899,306.0
89950,306.0
89999,307.0
90243,307.0
90399,308.0
90599,309.0
90699,309.0
90749,309.0
91149,311.0
91199,311.0
91399,311.0
91499,312.0
91649,312.0
91699,312.0
91799,313.0
91849,313.0
91949,313.0
92149,314.0
92199,314.0
92499,315.0
92549,315.0
92699,316.0
92799,316.0
92880,316.0
93049,317.0
93466,318.0
93549,319.0
93649,319.0
93699,319.0
93849,320.0
93999,320.0
94345,321.0
94499,322.0
95099,324.0
95249,325.0
95349,325.0
95549,326.0
95599,326.0
95699,326.0
95799,326.0
95810,326.0
95899,327.0
95999,327.0
96049,327.0
96349,328.0
96449,329.0
96689,329.0
97199,331.0
97349,332.0
97499,332.0
97899,334.0
98154,334.0
98199,335.0
98299,335.0
98447,335.0
98549,336.0
98599,336.0
98649,336.0
99049,338.0
99099,338.0
99149,338.0
99249,338.0
99749,340.0
99799,340.0
99849,340.0
99899,340.0
100205,341.0
100599,343.0
101349,345.0
101949,347.0
102099,348.0
102149,348.0
102249,348.0
102549,349.0
102649,350.0
102842,350.0
103249,352.0
103599,353.0
103649,353.0
104099,355.0
104449,356.0
104699,357.0
104749,357.0
104849,357.0
104899,358.0
105149,358.0
105949,361.0
106199,362.0
106249,362.0
106651,363.0
106749,364.0
106899,364.0
106944,364.0
106949,365.0
107399,366.0
107449,366.0
107549,367.0
107823,367.0
108049,368.0
108116,368.0
108199,369.0
108299,369.0
108699,370.0
108849,371.0
108999,372.0
109099,372.0
109249,372.0
109599,374.0
109649,374.0
109849,374.0
110099,375.0
110167,375.0
110699,377.0
110749,377.0
110753,377.0
110799,378.0
110949,378.0
111099,379.0
111349,380.0
111399,380.0
111549,380.0
111899,381.0
112099,382.0
112218,382.0
112349,383.0
112399,383.0
112649,384.0
112749,384.0
112999,385.0
113099,386.0
113249,386.0
113299,386.0
113449,387.0
114269,389.0
114449,390.0
114549,390.0
114749,391.0
114949,392.0
115499,394.0
115699,394.0
115799,395.0
116449,397.0
116906,398.0
116949,399.0
117099,399.0
117349,400.0
117649,401.0
117699,401.0
117749,401.0
117785,401.0
117799,402.0
117849,402.0
118199,403.0
119199,406.0
119249,406.0
119250,406.0
119549,408.0
120049,409.0
120129,409.0
120649,411.0
120699,411.0
120799,412.0
120899,412.0
120949,412.0
121008,412.0
121849,415.0
122049,416.0
122180,416.0
122299,417.0
122699,418.0
122749,418.0
122999,419.0
123059,419.0
123099,420.0
123352,420.0
123499,421.0
123549,421.0
123749,422.0
123849,422.0
123938,422.0
124049,423.0
124449,424.0
124649,425.0
124749,425.0
124799,425.0
124817,425.0
125299,427.0
125699,429.0
126049,430.0
126799,432.0
127099,433.0
127149,433.0
127249,434.0
127699,435.0
127949,436.0
128099,437.0
128333,437.0
128399,438.0
128499,438.0
128599,438.0
128649,439.0
128849,439.0
128899,439.0
128999,440.0
129249,441.0
129349,441.0
129499,441.0
129799,443.0
129899,443.0
129949,443.0
129999,443.0
130349,444.0
130970,446.0
131049,447.0
131149,447.0
131249,447.0
131299,448.0
131699,449.0
131849,449.0
132435,451.0
132599,452.0
133021,453.0
133399,455.0
134049,457.0
134099,457.0
134349,458.0
134399,458.0
134486,458.0
134599,459.0
134799,460.0
134949,460.0
134999,460.0
135072,460.0
135749,463.0
136049,464.0
136244,464.0
136537,465.0
136549,466.0
136849,467.0
136999,467.0
138002,470.0
138149,471.0
138449,472.0
138588,472.0
138599,473.0
138699,473.0
138749,473.0
139049,474.0
139149,474.0
139599,476.0
139799,477.0
140199,478.0
140299,478.0
140349,479.0
140549,479.0
140649,480.0
141225,481.0
141249,482.0
141299,482.0
141549,483.0
141899,484.0
142149,485.0
142199,485.0
142249,485.0
142399,486.0
142649,486.0
142949,487.0
143276,488.0
143449,489.0
143599,490.0
143699,490.0
143949,491.0
144099,491.0
144155,491.0
144249,492.0
144349,492.0
144449,493.0
144699,493.0
145199,495.0
145399,496.0
145620,496.0
146399,499.0
146549,500.0
146699,500.0
146899,501.0
147149,502.0
147199,502.0
147378,502.0
147449,503.0
147699,504.0
147749,504.0
147999,505.0
148299,506.0
148550,506.0
148699,507.0
148949,508.0
149429,509.0
149499,510.0
149799,511.0
149949,511.0
150049,512.0
150149,512.0
150349,513.0
151049,515.0
151149,515.0
151187,515.0
151349,516.0
151399,516.0
151549,517.0
151649,517.0
151899,518.0
151949,518.0
152066,518.0
152249,519.0
152749,521.0
152949,522.0
153099,522.0
153499,523.0
153531,523.0
153799,524.0
153824,524.0
154410,526.0
154599,527.0
154699,527.0
154749,528.0
154899,528.0
154999,529.0
155399,530.0
155649,531.0
155749,531.0
156199,533.0
156249,533.0
156499,534.0
156799,535.0
157849,538.0
157899,538.0
157949,539.0
158099,539.0
158199,539.0
159098,542.0
159199,543.0
159391,543.0
159399,544.0
159449,544.0
159699,545.0
159849,545.0
159949,545.0
159999,546.0
160299,547.0
160499,547.0
160599,548.0
160849,548.0
161149,549.0
161349,550.0
161442,550.0
161499,551.0
162049,553.0
162149,553.0
162299,553.0
162799,555.0
162949,556.0
163199,556.0
163249,557.0
163699,558.0
163786,558.0
163849,559.0
164399,561.0
164665,561.0
165099,563.0
165299,564.0
165599,565.0
165749,565.0
165837,565.0
166699,568.0
166716,568.0
166749,569.0
166999,569.0
167049,570.0
167302,570.0
167499,571.0
167849,572.0
167888,572.0
168099,573.0
168149,573.0
168299,574.0
168767,575.0
169049,576.0
169299,577.0
169399,578.0
169899,579.0
170049,580.0
170232,580.0
170299,581.0
170525,581.0
170699,582.0
170899,583.0
171111,583.0
171299,584.0
171349,584.0
171404,584.0
171799,586.0
171849,586.0
172299,588.0
172399,588.0
172449,588.0
172749,589.0
172849,589.0
172869,589.0
172899,590.0
172949,590.0
173149,590.0
173199,591.0
174149,594.0
174299,594.0
174799,596.0
174899,596.0
175099,597.0
175149,597.0
175213,597.0
175549,599.0
175799,599.0
176092,600.0
177264,604.0
177557,605.0
178049,607.0
178249,608.0
178649,609.0
178699,609.0
179099,611.0
179149,611.0
179199,611.0
179299,611.0
179349,612.0
179449,612.0
179499,612.0
179549,612.0
179608,612.0
180399,615.0
180599,616.0
180799,617.0
180949,617.0
181073,617.0
181299,618.0
181749,620.0
182149,621.0
182249,622.0
182299,622.0
182699,623.0
182949,624.0
183599,626.0
183649,626.0
183899,627.0
184049,628.0
184199,628.0
184449,629.0
184549,629.0
184899,631.0
185099,631.0
185349,632.0
185549,633.0
185799,634.0
185999,634.0
186199,635.0
186499,636.0
186649,637.0
187049,638.0
187199,638.0
187699,640.0
187999,641.0
188105,641.0
188199,642.0
188249,642.0
188399,643.0
188449,643.0
188499,643.0
188999,645.0
189277,645.0
189299,646.0
189399,646.0
189599,647.0
189649,647.0
189799,647.0
190049,648.0
190199,649.0
190499,650.0
190949,651.0
191199,652.0
191349,653.0
191499,653.0
191849,654.0
191914,654.0
192499,656.0
192649,657.0
192699,657.0
193499,660.0
193549,660.0
193672,660.0
193965,661.0
194049,662.0
194399,663.0
194499,663.0
194549,663.0
195099,665.0
195149,666.0
195199,666.0
195549,667.0
195599,667.0
195723,667.0
195799,668.0
196199,669.0
196309,669.0
196399,670.0
196499,670.0
196999,672.0
197749,674.0
197949,675.0
197999,675.0
198360,676.0
198649,677.0
198799,678.0
198946,678.0
199199,679.0
199249,680.0
199449,680.0
199749,681.0
199799,681.0
199825,681.0
200249,683.0
200949,685.0
201149,686.0
201349,687.0
201583,687.0
201599,688.0
201699,688.0
201849,688.0
202249,690.0
202449,690.0
202462,690.0
202749,691.0
202899,692.0
202949,692.0
203299,693.0
203349,694.0
203399,694.0
203449,694.0
203549,694.0
203649,695.0
203699,695.0
203749,695.0
203799,695.0
203949,696.0
204049,696.0
204199,696.0
204220,696.0
204249,697.0
204299,697.0
204399,697.0
204513,697.0
204549,698.0
204806,698.0
205099,699.0
205099,699.0
205948,701.0
206948,705.0
207098,705.0
208198,709.0
209198,712.0
211898,722.0
212298,723.0
214948,732.0
215148,733.0
216048,736.0
216818,738.0
218298,744.0
218398,744.0
218748,745.0
219998,749.0
220848,752.0
223148,760.0
224798,766.0
225398,768.0
228048,777.0
229198,781.0
229898,783.0
230198,784.0
230248,784.0
232248,791.0
232798,793.0
233398,795.0
233812,796.0
235648,803.0
235998,804.0
237848,810.0
237998,811.0
238098,811.0
238698,813.0
238793,813.0
239398,816.0
239672,816.0
240848,821.0
245532,836.0
246648,840.0
246698,840.0
246948,841.0
247948,845.0
248098,845.0
248462,846.0
250548,854.0
250698,854.0
251848,858.0
252098,859.0
252298,860.0
254548,867.0
254748,868.0
254798,868.0
255548,871.0
256098,873.0
258298,880.0
259010,882.0
261354,890.0
261498,891.0
262098,893.0
262248,894.0
264298,901.0
264598,902.0
265548,905.0
266048,907.0
266498,908.0
267798,912.0
268248,914.0
268848,916.0
270198,921.0
271448,925.0
272148,927.0
272798,930.0
272998,930.0
273698,933.0
275198,938.0
276998,944.0
277398,945.0
278148,948.0
278548,949.0
279148,951.0
279227,951.0
279348,952.0
281248,958.0
283148,965.0
283915,967.0
284298,969.0
284848,971.0
284998,971.0
285348,972.0
287048,978.0
287748,981.0
288198,982.0
288310,982.0
290648,990.0
291148,992.0
292119,995.0
293877,1001.0
294198,1003.0
294398,1003.0
294698,1004.0
296948,1012.0
297248,1013.0
298565,1017.0
298748,1018.0
299098,1019.0
299598,1021.0
300448,1024.0
300648,1025.0
300698,1025.0
301548,1028.0
301788,1028.0
303698,1035.0
304198,1037.0
305304,1040.0
305698,1042.0
307198,1047.0
307248,1047.0
307348,1047.0
309198,1054.0
309948,1056.0
309998,1057.0
310248,1057.0
311298,1061.0
311348,1061.0
311750,1062.0
311848,1063.0
312048,1064.0
312648,1066.0
312922,1066.0
313298,1068.0
313948,1070.0
314198,1071.0
319848,1090.0
320598,1093.0
322198,1098.0
322798,1100.0
324298,1105.0
328848,1121.0
331898,1131.0
332248,1132.0
333748,1138.0
334898,1142.0
335048,1142.0
337534,1150.0
340171,1159.0
341636,1164.0
341648,1165.0
343101,1169.0
343548,1171.0
343698,1172.0
343798,1172.0
343848,1172.0
346324,1180.0
348048,1186.0
349348,1191.0
350498,1195.0
350719,1195.0
351648,1199.0
352477,1201.0
353098,1204.0
353798,1206.0
358923,1223.0
359698,1226.0
359798,1226.0
361298,1232.0
361898,1234.0
364298,1242.0
364490,1242.0
364948,1244.0
367148,1252.0
368048,1255.0
368298,1255.0
368348,1256.0
368798,1257.0
370198,1262.0
370698,1264.0
372948,1271.0
374148,1275.0
375331,1279.0
376948,1285.0
377398,1287.0
377548,1287.0
379998,1295.0
380198,1296.0
380648,1298.0
383798,1308.0
384298,1310.0
384398,1310.0
384598,1311.0
384648,1311.0
385698,1315.0
385898,1316.0
386048,1316.0
387248,1320.0
387348,1321.0
388998,1326.0
389548,1328.0
389648,1328.0
393098,1340.0
394498,1345.0
397013,1353.0
397748,1356.0
398648,1359.0
400698,1366.0
400822,1366.0
402848,1373.0
404348,1379.0
404548,1379.0
404898,1380.0
406448,1386.0
406682,1386.0
408048,1391.0
408398,1392.0
409648,1397.0
410198,1398.0
410248,1399.0
411898,1404.0
412398,1406.0
414198,1412.0
417098,1422.0
417498,1423.0
417598,1424.0
420848,1435.0
420948,1435.0
420998,1435.0
423248,1443.0
424448,1447.0
427248,1457.0
428948,1462.0
432759,1475.0
433448,1478.0
434048,1480.0
436648,1489.0
437598,1492.0
440698,1503.0
440798,1503.0
442148,1508.0
443198,1511.0
443798,1513.0
445648,1519.0
446898,1524.0
447098,1524.0
447702,1526.0
449460,1532.0
449598,1533.0
451848,1541.0
453248,1545.0
453948,1548.0
454098,1548.0
455548,1553.0
455613,1553.0
455906,1554.0
457448,1560.0
458348,1563.0
459398,1566.0
459598,1567.0
459848,1568.0
460998,1572.0
461848,1575.0
462059,1575.0
462698,1578.0
462938,1578.0
464748,1585.0
466598,1591.0
467040,1592.0
469148,1600.0
469970,1602.0
470548,1604.0
470798,1605.0
471348,1607.0
473779,1615.0
474748,1619.0
474951,1619.0
475998,1623.0
476948,1626.0
477498,1628.0
478498,1632.0
482598,1646.0
482798,1646.0
483648,1649.0
485948,1657.0
486378,1658.0
487198,1661.0
489498,1669.0
489894,1670.0
490398,1672.0
490498,1673.0
491148,1675.0
491298,1675.0
491798,1677.0
492948,1681.0
493117,1681.0
493598,1683.0
496948,1695.0
497548,1697.0
497898,1698.0
498548,1700.0
501321,1709.0
502698,1714.0
503798,1718.0
504748,1721.0
508648,1735.0
508998,1736.0
509998,1739.0
510748,1742.0
513348,1751.0
514698,1755.0
516948,1763.0
517436,1764.0
518198,1767.0
518608,1768.0
518648,1769.0
519487,1771.0
520448,1775.0
521248,1778.0
522948,1783.0
523048,1784.0
523348,1785.0
523798,1786.0
523898,1787.0
524548,1789.0
525948,1794.0
526798,1796.0
530148,1808.0
531648,1813.0
532379,1815.0
532998,1818.0
533498,1819.0
533748,1820.0
534798,1824.0
535248,1825.0
535998,1828.0
536598,1830.0
537448,1833.0
537798,1834.0
538239,1835.0
539704,1840.0
539948,1841.0
542548,1850.0
542598,1850.0
543948,1855.0
546448,1864.0
547948,1869.0
548448,1870.0
548948,1872.0
549666,1874.0
554548,1891.0
554698,1892.0
555298,1894.0
556048,1896.0
556298,1897.0
558098,1903.0
558749,1905.0
559248,1907.0
560800,1912.0
561048,1913.0
561098,1914.0
561386,1914.0
562348,1918.0
562558,1918.0
562948,1920.0
566798,1933.0
566948,1933.0
568125,1937.0
568348,1938.0
568548,1939.0
571048,1947.0
572148,1951.0
572520,1952.0
573948,1957.0
573985,1957.0
574348,1959.0
575998,1964.0
576329,1965.0
576548,1966.0
579898,1978.0
581048,1982.0
581848,1984.0
581948,1985.0
582848,1988.0
583348,1989.0
584348,1993.0
584648,1994.0
585398,1996.0
585448,1997.0
585598,1997.0
586498,2000.0
586798,2001.0
587756,2004.0
588498,2007.0
589248,2010.0
589514,2010.0
589948,2012.0
590748,2015.0
591898,2019.0
592248,2020.0
593148,2023.0
596198,2033.0
599198,2044.0
599498,2045.0
600648,2048.0
601548,2052.0
602698,2055.0
603048,2057.0
604448,2061.0
605336,2064.0
607148,2071.0
607298,2071.0
608148,2074.0
608448,2075.0
609548,2079.0
612548,2089.0
612948,2090.0
613247,2091.0
613798,2093.0
614712,2096.0
615198,2098.0
616348,2102.0
617349,2105.0
617642,2106.0
618598,2110.0
619398,2112.0
622348,2123.0
624248,2129.0
625448,2133.0
625553,2133.0
627298,2139.0
628298,2143.0
631098,2152.0
634398,2164.0
634636,2164.0
634748,2165.0
635348,2167.0
635848,2169.0
636848,2172.0
637098,2173.0
637748,2175.0
638445,2177.0
639448,2181.0
640198,2183.0
643198,2194.0
644048,2197.0
644348,2198.0
644598,2198.0
649198,2214.0
649298,2215.0
650198,2218.0
650448,2218.0
652248,2225.0
652748,2226.0
653148,2228.0
653348,2228.0
654560,2232.0
654948,2234.0
655948,2237.0
655998,2237.0
656498,2239.0
657798,2244.0
658198,2245.0
658948,2247.0
659148,2248.0
659541,2249.0
659848,2251.0
660198,2252.0
660948,2254.0
662648,2260.0
664229,2265.0
664598,2267.0
664648,2267.0
665598,2270.0
665898,2271.0
667098,2275.0
667498,2277.0
667745,2277.0
668198,2279.0
668598,2280.0
669198,2282.0
670798,2288.0
670948,2288.0
672398,2293.0
672548,2294.0
673548,2297.0
673798,2298.0
673898,2298.0
675598,2304.0
675848,2305.0
675948,2305.0
676398,2307.0
676598,2308.0
677198,2310.0
677598,2311.0
678293,2313.0
679348,2317.0
680148,2320.0
680548,2321.0
681298,2324.0
682448,2328.0
683448,2331.0
683548,2331.0
683567,2331.0
686098,2340.0
686204,2340.0
686598,2342.0
688248,2347.0
690398,2355.0
692898,2363.0
694408,2368.0
695148,2371.0
695998,2374.0
697198,2378.0
697338,2378.0
697698,2380.0
698448,2382.0
698798,2383.0
699148,2385.0
700498,2389.0
702148,2395.0
702648,2397.0
703198,2398.0
703648,2400.0
704248,2402.0
704348,2402.0
705848,2408.0
707398,2413.0
708548,2417.0
709198,2419.0
710498,2423.0
711498,2427.0
712281,2429.0
713698,2434.0
714848,2438.0
715398,2440.0
715498,2440.0
716383,2443.0
716598,2444.0
717198,2446.0
717598,2448.0
717848,2448.0
718141,2449.0
718948,2452.0
719448,2454.0
723598,2468.0
724248,2470.0
724698,2472.0
724880,2472.0
725548,2475.0
726948,2480.0
727348,2481.0
730098,2490.0
730198,2491.0
730898,2493.0
734598,2506.0
734998,2507.0
736307,2511.0
737248,2515.0
738198,2518.0
740995,2527.0
741298,2529.0
743148,2535.0
744398,2539.0
746348,2546.0
747548,2550.0
750078,2558.0
750748,2561.0
752098,2565.0
753301,2569.0
754398,2573.0
754598,2574.0
755148,2576.0
755948,2579.0
757748,2585.0
757798,2585.0
758648,2588.0
761148,2596.0
761848,2599.0
762998,2603.0
763048,2603.0
763398,2604.0
763898,2606.0
764435,2607.0
765048,2610.0
765248,2610.0
765948,2613.0
767498,2618.0
768148,2620.0
768548,2622.0
768698,2622.0
769198,2624.0
769248,2624.0
769416,2624.0
770598,2629.0
771748,2632.0
773148,2637.0
773798,2639.0
775298,2645.0
777598,2652.0
777748,2653.0
778598,2656.0
780698,2663.0
781948,2667.0
783748,2673.0
785898,2681.0
786548,2683.0
786898,2684.0
787148,2685.0
789298,2692.0
789398,2693.0
789548,2693.0
790098,2695.0
791248,2699.0
792298,2703.0
792598,2704.0
793548,2707.0
794998,2712.0
796498,2717.0
797498,2720.0
797598,2721.0
798148,2723.0
800448,2730.0
800474,2730.0
801298,2733.0
801398,2734.0
801798,2735.0
801848,2735.0
802098,2736.0
802948,2739.0
803048,2739.0
806548,2751.0
806798,2752.0
809998,2763.0
812548,2772.0
812798,2773.0
813798,2776.0
815398,2781.0
815417,2781.0
815698,2782.0
816048,2784.0
816798,2786.0
817298,2788.0
817548,2789.0
818398,2792.0
820090,2792.0
820497,2794.0
820647,2794.0
820897,2795.0
821555,2797.0
821647,2798.0
821747,2798.0
821797,2798.0
821848,2798.0
822141,2799.0
822247,2800.0
822647,2801.0
822897,2802.0
822947,2802.0
822997,2802.0
823020,2802.0
823247,2803.0
823597,2804.0
823897,2805.0
824197,2807.0
824347,2807.0
824397,2807.0
824697,2808.0
824897,2809.0
825247,2810.0
825397,2811.0
825797,2812.0
826247,2814.0
826497,2814.0
826597,2815.0
826997,2816.0
827047,2816.0
827447,2818.0
827697,2818.0
827747,2819.0
827797,2819.0
827997,2819.0
828297,2821.0
828647,2822.0
828697,2822.0
828747,2822.0
828897,2823.0
829397,2824.0
829647,2825.0
829847,2826.0
829997,2826.0
830497,2828.0
830747,2829.0
830947,2830.0
831097,2830.0
831247,2831.0
831447,2831.0
831517,2831.0
832347,2834.0
832547,2835.0
832597,2835.0
832797,2836.0
832997,2837.0
833097,2837.0
833447,2838.0
833497,2838.0
833747,2839.0
833797,2839.0
833847,2839.0
833947,2840.0
834347,2841.0
834697,2842.0
835347,2845.0
835547,2845.0
835797,2846.0
835947,2847.0
836047,2847.0
836547,2849.0
836597,2849.0
837297,2851.0
837847,2853.0
837897,2853.0
837963,2853.0
838247,2854.0
838597,2856.0
838697,2856.0
838747,2856.0
838847,2857.0
839135,2857.0
839497,2859.0
839647,2859.0
839697,2859.0
840047,2861.0
840097,2861.0
840747,2863.0
840847,2863.0
840897,2864.0
841497,2866.0
841747,2866.0
841797,2867.0
841947,2867.0
842297,2868.0
842547,2869.0
842647,2869.0
842747,2870.0
842997,2871.0
843237,2871.0
843647,2873.0
843747,2873.0
843897,2874.0
844147,2875.0
844347,2875.0
844397,2875.0
844597,2876.0
844697,2876.0
844702,2876.0
844797,2877.0
844897,2877.0
844947,2877.0
845147,2878.0
845197,2878.0
845581,2879.0
845847,2880.0
845897,2881.0
846147,2881.0
846347,2882.0
846447,2882.0
846947,2884.0
847247,2885.0
847297,2885.0
847347,2886.0
847397,2886.0
847447,2886.0
847497,2886.0
847597,2886.0
847697,2887.0
847897,2887.0
848097,2888.0
848218,2888.0
848397,2889.0
848511,2889.0
848647,2890.0
848804,2890.0
848847,2891.0
849047,2891.0
849247,2892.0
849297,2892.0
849597,2893.0
849697,2894.0
849897,2894.0
849997,2895.0
850347,2896.0
850547,2896.0
850647,2897.0
850697,2897.0
850747,2897.0
851047,2898.0
851297,2899.0
851397,2899.0
851441,2899.0
851597,2900.0
851747,2901.0
851897,2901.0
851947,2901.0
851997,2901.0
852147,2902.0
852547,2903.0
852697,2904.0
852747,2904.0
852797,2904.0
852897,2904.0
852906,2904.0
853197,2905.0
853347,2906.0
853397,2906.0
853492,2906.0
853547,2907.0
853697,2907.0
853747,2907.0
853785,2907.0
853797,2908.0
853947,2908.0
854097,2909.0
854347,2909.0
854371,2909.0
854397,2910.0
854664,2910.0
854947,2911.0
855097,2912.0
855247,2912.0
855397,2913.0
855547,2914.0
855647,2914.0
855847,2915.0
856897,2918.0
856997,2918.0
857008,2918.0
857197,2919.0
857297,2919.0
857447,2920.0
857547,2920.0
857887,2921.0
858147,2922.0
858297,2923.0
858597,2924.0
858647,2924.0
858697,2924.0
858747,2924.0
858947,2925.0
859047,2925.0
859147,2926.0
859197,2926.0
859297,2926.0
859645,2927.0
859647,2928.0
859797,2928.0
860097,2929.0
860231,2929.0
860597,2931.0
860697,2931.0
860797,2931.0
860897,2932.0
860947,2932.0
861110,2932.0
861347,2933.0
861397,2933.0
861547,2934.0
861597,2934.0
861647,2934.0
861696,2934.0
861847,2935.0
861897,2935.0
861997,2936.0
862047,2936.0
862397,2937.0
862575,2937.0
862647,2938.0
862747,2938.0
862797,2938.0
863147,2939.0
863161,2939.0
863297,2940.0
863647,2941.0
863747,2941.0
863897,2942.0
863947,2942.0
864147,2943.0
864447,2944.0
864919,2945.0
864997,2946.0
865247,2947.0
865297,2947.0
865397,2947.0
865497,2947.0
865647,2948.0
865798,2948.0
865897,2949.0
866097,2950.0
866147,2950.0
866197,2950.0
866547,2951.0
866797,2952.0
866970,2952.0
866997,2953.0
867047,2953.0
867447,2954.0
867647,2955.0
867897,2956.0
868247,2957.0
868347,2957.0
869197,2960.0
869247,2960.0
869397,2961.0
869447,2961.0
869497,2961.0
870247,2964.0
870486,2964.0
870779,2965.0
870797,2966.0
871072,2966.0
871147,2967.0
871365,2967.0
871447,2968.0
871547,2968.0
871697,2969.0
872497,2971.0
872547,2972.0
872647,2972.0
872997,2973.0
873123,2973.0
873397,2974.0
873447,2975.0
873547,2975.0
873597,2975.0
873709,2975.0
873797,2976.0
873947,2976.0
874295,2977.0
874588,2978.0
874847,2979.0
874997,2980.0
875047,2980.0
875097,2980.0
875147,2980.0
875397,2981.0
875797,2983.0
875897,2983.0
876047,2983.0
876053,2983.0
876197,2984.0
876447,2985.0
876547,2985.0
876647,2986.0
876797,2986.0
876932,2986.0
876947,2987.0
877747,2989.0
878197,2991.0
878397,2991.0
878983,2993.0
878997,2994.0
879147,2994.0
879197,2994.0
879276,2994.0
879297,2995.0
880155,2997.0
880197,2998.0
880247,2998.0
880448,2998.0
880597,2999.0
880747,3000.0
880847,3000.0
881034,3000.0
881197,3001.0
881347,3002.0
882047,3004.0
882447,3005.0
882497,3005.0
882947,3007.0
883297,3008.0
883347,3008.0
883447,3009.0
883547,3009.0
883597,3009.0
883947,3010.0
883964,3010.0
884257,3011.0
884347,3012.0
884697,3013.0
884897,3014.0
884947,3014.0
885097,3014.0
885397,3015.0
885897,3017.0
886097,3018.0
886147,3018.0
886247,3018.0
886297,3018.0
886547,3019.0
886847,3020.0
886894,3020.0
887247,3022.0
887447,3022.0
887497,3023.0
887697,3023.0
888066,3024.0
888359,3025.0
888397,3026.0
888647,3026.0
888947,3028.0
889047,3028.0
889347,3029.0
889397,3029.0
889547,3030.0
889797,3030.0
889897,3031.0
889997,3031.0
890117,3031.0
890247,3032.0
890410,3032.0
890747,3034.0
891097,3035.0
891197,3035.0
891289,3035.0
891397,3036.0
891447,3036.0
891697,3037.0
891747,3037.0
892097,3038.0
892197,3039.0
892247,3039.0
892297,3039.0
892347,3039.0
892447,3039.0
892547,3040.0
892847,3041.0
892897,3041.0
893197,3042.0
893247,3042.0
893297,3042.0
893647,3044.0
893847,3044.0
893926,3044.0
893947,3045.0
894047,3045.0
894247,3046.0
894297,3046.0
894397,3046.0
894447,3046.0
894497,3046.0
894697,3047.0
895297,3049.0
895684,3050.0
895947,3051.0
896247,3052.0
896270,3052.0
896647,3054.0
896947,3055.0
897347,3056.0
897447,3057.0
897747,3058.0
897847,3058.0
898028,3058.0
898447,3060.0
898497,3060.0
898614,3060.0
898847,3061.0
898997,3062.0
899547,3064.0
899647,3064.0
899697,3064.0
899947,3065.0
899997,3065.0
900047,3065.0
900097,3066.0
900197,3066.0
900697,3068.0
901497,3070.0
901747,3071.0
901997,3072.0
902047,3072.0
902297,3073.0
902447,3074.0
902547,3074.0
902647,3074.0
902897,3075.0
903009,3075.0
903097,3076.0
903247,3076.0
903347,3077.0
903497,3077.0
903888,3078.0
903947,3079.0
904474,3080.0
904497,3081.0
904547,3081.0
905147,3083.0
905347,3083.0
905497,3084.0
905647,3085.0
905697,3085.0
905847,3085.0
905939,3085.0
905997,3086.0
906347,3087.0
906447,3087.0
906547,3088.0
906697,3088.0
906818,3088.0
906897,3089.0
907047,3089.0
907147,3090.0
907847,3092.0
908147,3093.0
908347,3094.0
908397,3094.0
908447,3094.0
908547,3094.0
908576,3094.0
908647,3095.0
908747,3095.0
908897,3096.0
909097,3096.0
909297,3097.0
909397,3097.0
909697,3098.0
909748,3098.0
909797,3099.0
909947,3099.0
910041,3099.0
910197,3100.0
910334,3100.0
910397,3101.0
910497,3101.0
910547,3101.0
910947,3103.0
910997,3103.0
911197,3103.0
911297,3104.0
911447,3104.0
911497,3104.0
911597,3105.0
911647,3105.0
911747,3105.0
911947,3106.0
911997,3106.0
912297,3107.0
912347,3107.0
912497,3108.0
912597,3108.0
912678,3108.0
912847,3109.0
913264,3110.0
913347,3111.0
913447,3111.0
913497,3111.0
913647,3112.0
913797,3112.0
914143,3113.0
914297,3114.0
914436,3114.0
914897,3116.0
915047,3117.0
915147,3117.0
915297,3117.0
915347,3118.0
915397,3118.0
915497,3118.0
915597,3118.0
915608,3118.0
915697,3119.0
915797,3119.0
915847,3119.0
915997,3120.0
916147,3120.0
916247,3121.0
916487,3121.0
916997,3123.0
917147,3124.0
917297,3124.0
917697,3126.0
917952,3126.0
917997,3127.0
918097,3127.0
918245,3127.0
918347,3128.0
918397,3128.0
918447,3128.0
918847,3130.0
918897,3130.0
918947,3130.0
919047,3130.0
919547,3132.0
919597,3132.0
919647,3132.0
919697,3132.0
920003,3133.0
920397,3135.0
921147,3137.0
921747,3139.0
921847,3140.0
921897,3140.0
921947,3140.0
922047,3140.0
922347,3141.0
922447,3142.0
922547,3142.0
922640,3142.0
923047,3144.0
923397,3145.0
923447,3145.0
923897,3147.0
924247,3148.0
924497,3149.0
924547,3149.0
924647,3149.0
924697,3150.0
924947,3150.0
925747,3153.0
925847,3153.0
925997,3154.0
926047,3154.0
926449,3155.0
926547,3156.0
926697,3156.0
926742,3156.0
926747,3157.0
927197,3158.0
927247,3158.0
927347,3159.0
927447,3159.0
927621,3159.0
927697,3160.0
927847,3160.0
927914,3160.0
927997,3161.0
928097,3161.0
928497,3162.0
928647,3163.0
928797,3164.0
928897,3164.0
929047,3164.0
929147,3165.0
929397,3166.0
929447,3166.0
929647,3166.0
929747,3167.0
929897,3167.0
929965,3167.0
930347,3169.0
930497,3169.0
930547,3169.0
930551,3169.0
930597,3170.0
930747,3170.0
930897,3171.0
931147,3172.0
931197,3172.0
931347,3172.0
931697,3173.0
931897,3174.0
932016,3174.0
932147,3175.0
932197,3175.0
932397,3176.0
932447,3176.0
932547,3176.0
932797,3177.0
932897,3178.0
933047,3178.0
933097,3178.0
933247,3179.0
934067,3181.0
934247,3182.0
934347,3182.0
934547,3183.0
934747,3184.0
935147,3185.0
935297,3186.0
935497,3186.0
935597,3187.0
936247,3189.0
936704,3190.0
936747,3191.0
936897,3191.0
937147,3192.0
937447,3193.0
937497,3193.0
937547,3193.0
937583,3193.0
937597,3194.0
937647,3194.0
937997,3195.0
938997,3198.0
939047,3198.0
939048,3198.0
939347,3200.0
939847,3201.0
939927,3201.0
940447,3203.0
940497,3203.0
940597,3204.0
940697,3204.0
940747,3204.0
940806,3204.0
941647,3207.0
941847,3208.0
941978,3208.0
942097,3209.0
942497,3210.0
942547,3210.0
942797,3211.0
942857,3211.0
942897,3212.0
943150,3212.0
943297,3213.0
943347,3213.0
943547,3214.0
943647,3214.0
943736,3214.0
943847,3215.0
943897,3215.0
944247,3216.0
944447,3217.0
944547,3217.0
944597,3217.0
944615,3217.0
945097,3219.0
945497,3221.0
945847,3222.0
946597,3224.0
946797,3225.0
946897,3225.0
946947,3225.0
947047,3226.0
947497,3227.0
947747,3228.0
947897,3229.0
948131,3229.0
948197,3230.0
948297,3230.0
948397,3230.0
948447,3231.0
948647,3231.0
948697,3231.0
948797,3232.0
948897,3232.0
949047,3233.0
949147,3233.0
949297,3233.0
949303,3233.0
949397,3234.0
949597,3235.0
949697,3235.0
949747,3235.0
949797,3235.0
950147,3236.0
950647,3238.0
950768,3238.0
950847,3239.0
950947,3239.0
951047,3239.0
951097,3240.0
951497,3241.0
951647,3241.0
951747,3242.0
952233,3243.0
952397,3244.0
952819,3245.0
953197,3247.0
953405,3247.0
953698,3248.0
953847,3249.0
953897,3249.0
954147,3250.0
954197,3250.0
954284,3250.0
954397,3251.0
954597,3252.0
954747,3252.0
954797,3252.0
954870,3252.0
955547,3255.0
955847,3256.0
955997,3256.0
956042,3256.0
956335,3257.0
956347,3258.0
956397,3258.0
956647,3259.0
956797,3259.0
957800,3262.0
957947,3263.0
958047,3263.0
958247,3264.0
958386,3264.0
958397,3265.0
958497,3265.0
958547,3265.0
958847,3266.0
958947,3266.0
958997,3267.0
959397,3268.0
959597,3269.0
959997,3270.0
960097,3270.0
960147,3271.0
960347,3271.0
960447,3272.0
961023,3273.0
961047,3274.0
961097,3274.0
961347,3275.0
961697,3276.0
961947,3277.0
961997,3277.0
962047,3277.0
962197,3278.0
962447,3278.0
962747,3279.0
963074,3280.0
963247,3281.0
963397,3282.0
963497,3282.0
963747,3283.0
963897,3283.0
963953,3283.0
964047,3284.0
964147,3284.0
964247,3285.0
964347,3285.0
964497,3285.0
964997,3287.0
965197,3288.0
965247,3288.0
965418,3288.0
965711,3289.0
966197,3291.0
966297,3291.0
966347,3292.0
966497,3292.0
966697,3293.0
966947,3294.0
966997,3294.0
967176,3294.0
967247,3295.0
967497,3296.0
967547,3296.0
967797,3297.0
968097,3298.0
968348,3298.0
968497,3299.0
968747,3300.0
969227,3301.0
969297,3302.0
969347,3302.0
969547,3303.0
969597,3303.0
969747,3303.0
969813,3303.0
969847,3304.0
969947,3304.0
970147,3305.0
970597,3306.0
970847,3307.0
970947,3307.0
970985,3307.0
971147,3308.0
971197,3308.0
971347,3309.0
971447,3309.0
971697,3310.0
971747,3310.0
971864,3310.0
972047,3311.0
972547,3313.0
972747,3314.0
972797,3314.0
972897,3314.0
973297,3315.0
973329,3315.0
973597,3316.0
973622,3316.0
974208,3318.0
974397,3319.0
974497,3319.0
974547,3320.0
974697,3320.0
974797,3321.0
975197,3322.0
975447,3323.0
975547,3323.0
975997,3325.0
976047,3325.0
976297,3326.0
976597,3327.0
977647,3330.0
977697,3330.0
977747,3331.0
977897,3331.0
977997,3331.0
978896,3334.0
978997,3335.0
979189,3335.0
979197,3336.0
979247,3336.0
979347,3336.0
979497,3337.0
979647,3337.0
979747,3337.0
979797,3338.0
980097,3339.0
980297,3339.0
980397,3340.0
980647,3340.0
980947,3341.0
981147,3342.0
981240,3342.0
981297,3343.0
981347,3343.0
981597,3344.0
981797,3344.0
981847,3345.0
981947,3345.0
982097,3345.0
982447,3347.0
982547,3347.0
982597,3347.0
982747,3348.0
982997,3348.0
983047,3349.0
983497,3350.0
983584,3350.0
983647,3351.0
984197,3353.0
984397,3353.0
984463,3353.0
984897,3355.0
985097,3356.0
985397,3357.0
985547,3357.0
985635,3357.0
986497,3360.0
986514,3360.0
986547,3361.0
986647,3361.0
986797,3361.0
986847,3362.0
987100,3362.0
987297,3363.0
987597,3364.0
987647,3364.0
987686,3364.0
987897,3365.0
987947,3365.0
988097,3366.0
988565,3367.0
988847,3368.0
989097,3369.0
989197,3370.0
989297,3370.0
989547,3371.0
989697,3371.0
989847,3372.0
990030,3372.0
990097,3373.0
990247,3373.0
990323,3373.0
990497,3374.0
990597,3374.0
990697,3375.0
990909,3375.0
991097,3376.0
991147,3376.0
991202,3376.0
991597,3378.0
991647,3378.0
992097,3380.0
992197,3380.0
992247,3380.0
992547,3381.0
992647,3381.0
992667,3381.0
992697,3382.0
992747,3382.0
992947,3382.0
992997,3383.0
993947,3386.0
994097,3386.0
994447,3388.0
994597,3388.0
994697,3388.0
994897,3389.0
994947,3389.0
995011,3389.0
996146,3391.0
997146,3395.0
997296,3395.0
997746,3397.0
998396,3399.0
998519,3399.0
999396,3402.0
1001996,3411.0
1002096,3412.0
1002496,3413.0
1005146,3422.0
1005346,3423.0
1006246,3426.0
1006446,3427.0
1006746,3428.0
1007016,3428.0
1008496,3434.0
1008596,3434.0
1008946,3435.0
1010196,3439.0
1011046,3442.0
1013346,3450.0
1013396,3450.0
1014246,3453.0
1014346,3454.0
1014996,3456.0
1015146,3456.0
1015196,3456.0
1015596,3458.0
1018246,3467.0
1019396,3471.0
1020096,3473.0
1020396,3474.0
1020446,3474.0
1021846,3479.0
1022446,3481.0
1022796,3482.0
1022846,3483.0
1022996,3483.0
1023096,3483.0
1023596,3485.0
1024010,3486.0
1025846,3493.0
1026196,3494.0
1026546,3495.0
1027496,3498.0
1027646,3499.0
1028046,3500.0
1028196,3501.0
1028296,3501.0
1028896,3503.0
1028991,3503.0
1029196,3504.0
1029284,3504.0
1029596,3506.0
1029870,3506.0
1029896,3507.0
1031046,3511.0
1034096,3521.0
1034196,3521.0
1035596,3526.0
1035730,3526.0
1036446,3529.0
1036846,3530.0
1036896,3530.0
1037146,3531.0
1037195,3531.0
1037396,3532.0
1038146,3535.0
1038296,3535.0
1038660,3536.0
1040746,3544.0
1040896,3544.0
1041146,3545.0
1041396,3546.0
1041596,3547.0
1042046,3548.0
1042296,3549.0
1042496,3550.0
1044746,3557.0
1044946,3558.0
1044996,3558.0
1045746,3561.0
1046296,3563.0
1046864,3564.0
1048496,3570.0
1049208,3572.0
1050087,3575.0
1050346,3576.0
1050646,3577.0
1051552,3580.0
1051696,3581.0
1052146,3583.0
1052296,3583.0
1052431,3583.0
1052446,3584.0
1054496,3591.0
1054775,3591.0
1054796,3592.0
1055746,3595.0
1056246,3597.0
1056696,3598.0
1057996,3602.0
1058446,3604.0
1058796,3605.0
1059046,3606.0
1060396,3611.0
1060596,3611.0
1061646,3615.0
1062346,3617.0
1062393,3617.0
1062996,3620.0
1063196,3620.0
1063896,3623.0
1065396,3628.0
1065746,3629.0
1066596,3632.0
1067196,3634.0
1067596,3635.0
1067846,3636.0
1068046,3637.0
1068346,3638.0
1068746,3639.0
1069346,3641.0
1069425,3641.0
1069546,3642.0
1069896,3643.0
1069946,3643.0
1071183,3647.0
1071446,3648.0
1072446,3652.0
1073346,3655.0
1074113,3657.0
1074496,3659.0
1075046,3661.0
1075196,3661.0
1075546,3662.0
1077246,3668.0
1077946,3671.0
1078396,3672.0
1078508,3672.0
1079387,3675.0
1080046,3678.0
1080846,3680.0
1080996,3681.0
1081346,3682.0
1082046,3685.0
1082317,3685.0
1083346,3689.0
1083896,3691.0
1084046,3691.0
1084075,3691.0
1084396,3693.0
1084596,3693.0
1084896,3694.0
1085540,3696.0
1086996,3701.0
1087146,3702.0
1087446,3703.0
1087846,3704.0
1088763,3707.0
1088946,3708.0
1089296,3709.0
1089642,3710.0
1089796,3711.0
1090646,3714.0
1090846,3715.0
1090896,3715.0
1090996,3715.0
1091107,3715.0
1091646,3717.0
1091746,3718.0
1091986,3718.0
1092796,3721.0
1093451,3723.0
1093896,3725.0
1094396,3727.0
1095502,3730.0
1095896,3732.0
1097396,3737.0
1097446,3737.0
1097546,3737.0
1099396,3744.0
1099746,3745.0
1100146,3746.0
1100196,3747.0
1100446,3747.0
1101496,3751.0
1101546,3751.0
1101948,3752.0
1102046,3753.0
1102246,3754.0
1102846,3756.0
1103120,3756.0
1103496,3758.0
1104146,3760.0
1104296,3761.0
1104396,3761.0
1105464,3764.0
1106396,3768.0
1106646,3769.0
1107396,3771.0
1107646,3772.0
1108746,3776.0
1109746,3779.0
1110046,3780.0
1110246,3781.0
1110796,3783.0
1111096,3784.0
1111746,3786.0
1112396,3788.0
1112996,3790.0
1114496,3795.0
1114546,3795.0
1114547,3795.0
1118046,3807.0
1118396,3809.0
1118796,3810.0
1119046,3811.0
1120096,3814.0
1122096,3821.0
1122446,3822.0
1123946,3828.0
1124646,3830.0
1124796,3830.0
1125096,3832.0
1125246,3832.0
1126267,3835.0
1126446,3836.0
1127732,3840.0
1128696,3844.0
1129346,3846.0
1130096,3849.0
1130369,3849.0
1131046,3852.0
1131834,3854.0
1131846,3855.0
1133299,3859.0
1133746,3861.0
1133885,3861.0
1133896,3862.0
1133996,3862.0
1134046,3862.0
1135096,3866.0
1136522,3870.0
1137496,3874.0
1138246,3876.0
1139546,3881.0
1140696,3885.0
1140917,3885.0
1141846,3889.0
1142675,3891.0
1142746,3892.0
1143296,3894.0
1143996,3896.0
1145246,3900.0
1145346,3901.0
1146446,3904.0
1147546,3908.0
1148246,3911.0
1149121,3913.0
1149896,3916.0
1149996,3916.0
1150046,3917.0
1150296,3918.0
1151496,3922.0
1152096,3924.0
1154496,3932.0
1154688,3932.0
1154996,3934.0
1155146,3934.0
1156446,3938.0
1156796,3940.0
1157346,3942.0
1157596,3942.0
1158246,3945.0
1158496,3945.0
1158546,3946.0
1158996,3947.0
1159146,3948.0
1160396,3952.0
1160896,3954.0
1163146,3961.0
1163446,3962.0
1163596,3963.0
1164064,3964.0
1164346,3965.0
1164596,3966.0
1165529,3969.0
1166596,3973.0
1166646,3973.0
1167146,3975.0
1167596,3977.0
1167746,3977.0
1170196,3985.0
1170396,3986.0
1170446,3986.0
1170846,3988.0
1173996,3998.0
1174446,4000.0
1174496,4000.0
1174596,4000.0
1174796,4001.0
1174846,4001.0
1175896,4005.0
1176096,4006.0
1176246,4006.0
1176596,4007.0
1177446,4010.0
1177546,4011.0
1177596,4011.0
1178246,4013.0
1178946,4015.0
1179196,4016.0
1179746,4018.0
1179846,4018.0
1180396,4020.0
1180846,4022.0
1181946,4026.0
1182996,4029.0
1183296,4030.0
1183546,4031.0
1184574,4034.0
1184696,4035.0
1186496,4041.0
1187211,4043.0
1187946,4046.0
1187996,4046.0
1188846,4049.0
1188969,4049.0
1189346,4051.0
1190896,4056.0
1191020,4056.0
1191696,4059.0
1191796,4059.0
1193046,4063.0
1194243,4067.0
1194546,4069.0
1194746,4069.0
1195096,4070.0
1195546,4072.0
1196646,4076.0
1196880,4076.0
1197546,4079.0
1198246,4081.0
1198596,4082.0
1198946,4084.0
1199346,4085.0
1199810,4086.0
1199846,4087.0
1200103,4087.0
1200396,4088.0
1200446,4089.0
1200596,4089.0
1202096,4094.0
1202596,4096.0
1203396,4099.0
1204396,4102.0
1205246,4105.0
1206256,4108.0
1206946,4111.0
1207296,4112.0
1207696,4113.0
1207796,4114.0
1207896,4114.0
1210065,4121.0
1210196,4122.0
1211046,4125.0
1211146,4125.0
1211196,4125.0
1211496,4126.0
1212246,4129.0
1213446,4133.0
1214296,4136.0
1214396,4136.0
1214646,4137.0
1215746,4141.0
1215946,4142.0
1216696,4144.0
1217446,4147.0
1217796,4148.0
1219146,4152.0
1220296,4156.0
1221246,4160.0
1222496,4164.0
1222957,4165.0
1223646,4168.0
1224246,4170.0
1225146,4173.0
1226846,4179.0
1227796,4182.0
1227996,4183.0
1229596,4188.0
1230046,4190.0
1230296,4191.0
1230896,4193.0
1230996,4193.0
1232346,4198.0
1233396,4201.0
1233896,4203.0
1233996,4203.0
1234246,4204.0
1234746,4206.0
1235846,4209.0
1237021,4213.0
1237096,4214.0
1237296,4214.0
1237900,4216.0
1239658,4222.0
1239796,4223.0
1241346,4228.0
1242046,4231.0
1242196,4231.0
1242596,4233.0
1243396,4235.0
1243446,4235.0
1244146,4238.0
1244296,4238.0
1245746,4243.0
1245811,4243.0
1246104,4244.0
1247276,4248.0
1247646,4250.0
1248546,4253.0
1249596,4256.0
1249796,4257.0
1250046,4258.0
1251196,4262.0
1252046,4265.0
1252257,4265.0
1252896,4268.0
1253136,4268.0
1254196,4272.0
1254946,4275.0
1255146,4275.0
1255346,4276.0
1256046,4278.0
1256096,4279.0
1256796,4281.0
1256896,4281.0
1257146,4282.0
1257238,4282.0
1257824,4284.0
1257996,4285.0
1258996,4288.0
1259346,4290.0
1260168,4292.0
1260646,4294.0
1260746,4294.0
1260996,4295.0
1261546,4297.0
1262296,4300.0
1263977,4305.0
1264946,4309.0
1265146,4309.0
1265149,4309.0
1265446,4311.0
1266196,4313.0
1266646,4315.0
1267146,4316.0
1267446,4317.0
1267696,4318.0
1268696,4322.0
1271046,4330.0
1271246,4330.0
1271796,4332.0
1272767,4335.0
1272796,4336.0
1272996,4336.0
1273846,4339.0
1273896,4339.0
1273939,4339.0
1274246,4341.0
1275111,4343.0
1276146,4347.0
1276446,4348.0
1276576,4348.0
1277396,4351.0
1279696,4359.0
1280092,4360.0
1280146,4361.0
1280346,4361.0
1280596,4362.0
1280696,4363.0
1280996,4364.0
1281346,4365.0
1281496,4365.0
1281996,4367.0
1283146,4371.0
1283315,4371.0
1283796,4373.0
1284246,4375.0
1287146,4385.0
1287746,4387.0
1288096,4388.0
1288696,4390.0
1288746,4390.0
1289846,4394.0
1290446,4396.0
1291519,4399.0
1292746,4404.0
1292896,4404.0
1293996,4408.0
1294746,4411.0
1294946,4411.0
1295996,4415.0
1296296,4416.0
1297096,4419.0
1298246,4422.0
1298846,4425.0
1299196,4426.0
1299246,4426.0
1300196,4429.0
1300346,4430.0
1300946,4432.0
1301796,4435.0
1302653,4437.0
1303046,4439.0
1303446,4440.0
1303532,4440.0
1303546,4441.0
1304396,4443.0
1304496,4444.0
1304896,4445.0
1306462,4450.0
1307146,4453.0
1307634,4454.0
1308396,4457.0
1308806,4458.0
1308846,4459.0
1309396,4461.0
1309646,4461.0
1309685,4461.0
1310646,4465.0
1310846,4465.0
1311446,4468.0
1312746,4472.0
1313146,4473.0
1313246,4474.0
1313546,4475.0
1313996,4476.0
1314096,4477.0
1314346,4477.0
1314746,4479.0
1315796,4482.0
1316146,4484.0
1316996,4486.0
1317696,4489.0
1319796,4496.0
1320346,4498.0
1320496,4498.0
1321796,4503.0
1321846,4503.0
1322577,4505.0
1322996,4507.0
1323196,4508.0
1323696,4509.0
1323946,4510.0
1324246,4511.0
1324996,4514.0
1325214,4514.0
1325446,4515.0
1326196,4518.0
1326679,4519.0
1326796,4520.0
1327646,4523.0
1327996,4524.0
1328437,4525.0
1328946,4527.0
1329902,4530.0
1330146,4531.0
1332746,4540.0
1332796,4540.0
1332946,4541.0
1334146,4545.0
1335996,4551.0
1336346,4552.0
1336646,4554.0
1336696,4554.0
1338146,4559.0
1338646,4560.0
1339146,4562.0
1339864,4564.0
1342446,4573.0
1343446,4577.0
1344746,4581.0
1344896,4582.0
1345496,4584.0
1346246,4586.0
1346496,4587.0
1348296,4593.0
1348947,4595.0
1349446,4597.0
1349826,4598.0
1350146,4600.0
1350998,4602.0
1351096,4603.0
1351246,4603.0
1351296,4604.0
1351584,4604.0
1352096,4606.0
1352446,4607.0
1352546,4608.0
1352756,4608.0
1353049,4609.0
1353146,4610.0
1355346,4617.0
1355796,4619.0
1356146,4620.0
1356996,4623.0
1357046,4623.0
1357146,4623.0
1357737,4625.0
1357896,4626.0
1358296,4627.0
1358323,4627.0
1358546,4628.0
1358696,4629.0
1358746,4629.0
1359396,4631.0
1360696,4636.0
1361246,4637.0
1361546,4638.0
1361746,4639.0
1362346,4641.0
1362718,4642.0
1363346,4645.0
1363846,4646.0
1364146,4647.0
1364183,4647.0
1364546,4649.0
1366196,4654.0
1366527,4655.0
1366546,4656.0
1366746,4656.0
1368096,4661.0
1370096,4668.0
1370296,4668.0
1371046,4671.0
1371246,4672.0
1372046,4674.0
1372146,4675.0
1373046,4678.0
1373546,4679.0
1374546,4683.0
1374846,4684.0
1375596,4686.0
1375646,4687.0
1375796,4687.0
1376696,4690.0
1376782,4690.0
1376996,4691.0
1377446,4693.0
1377954,4694.0
1378696,4697.0
1379446,4700.0
1379712,4700.0
1379946,4701.0
1380146,4702.0
1380896,4705.0
1380946,4705.0
1382096,4709.0
1382446,4710.0
1382896,4711.0
1383346,4713.0
1384246,4716.0
1384996,4719.0
1386396,4723.0
1386446,4723.0
1386696,4724.0
1388896,4732.0
1388996,4732.0
1389396,4734.0
1389696,4735.0
1390846,4738.0
1391746,4742.0
1392196,4743.0
1392896,4745.0
1392946,4746.0
1393246,4747.0
1394646,4751.0
1394846,4752.0
1395296,4754.0
1395534,4754.0
1397346,4761.0
1397496,4761.0
1398346,4764.0
1398596,4765.0
1398646,4765.0
1399746,4769.0
1400046,4770.0
1402696,4779.0
1402746,4779.0
1403146,4780.0
1403445,4781.0
1403546,4782.0
1403846,4783.0
1403996,4783.0
1404910,4786.0
1405396,4788.0
1405846,4790.0
1406296,4791.0
1406375,4791.0
1406396,4792.0
1406546,4792.0
1407547,4795.0
1407840,4796.0
1407996,4797.0
1408796,4800.0
1409246,4801.0
1409596,4802.0
1410096,4804.0
1411796,4810.0
1412196,4811.0
1412235,4811.0
1412546,4813.0
1412946,4814.0
1414446,4819.0
1415646,4823.0
1415751,4823.0
1417496,4829.0
1418496,4833.0
1418946,4834.0
1421296,4842.0
1421846,4844.0
1422296,4846.0
1423076,4848.0
1424596,4854.0
1424834,4854.0
1424846,4855.0
1424946,4855.0
1425546,4857.0
1426046,4859.0
1427046,4862.0
1427246,4863.0
1427296,4863.0
1427946,4865.0
1428196,4866.0
1428643,4867.0
1429646,4871.0
1430396,4873.0
1431296,4877.0
1432646,4881.0
1432946,4882.0
1433046,4883.0
1433396,4884.0
1434096,4886.0
1434246,4887.0
1434496,4887.0
1434546,4888.0
1434646,4888.0
1434796,4888.0
1436261,4893.0
1436554,4894.0
1437246,4897.0
1438096,4900.0
1439296,4904.0
1439396,4904.0
1439446,4904.0
1439496,4905.0
1439777,4905.0
1440146,4907.0
1440396,4908.0
1440646,4908.0
1441846,4913.0
1442446,4915.0
1442946,4916.0
1443346,4918.0
1443546,4918.0
1443586,4918.0
1444758,4922.0
1445146,4924.0
1445496,4925.0
1446146,4927.0
1446196,4927.0
1446696,4929.0
1447996,4934.0
1448396,4935.0
1448946,4937.0
1449096,4937.0
1449146,4937.0
1449346,4938.0
1449739,4939.0
1450046,4941.0
1450346,4942.0
1450396,4942.0
1451146,4944.0
1452396,4949.0
1452846,4950.0
1454427,4955.0
1454796,4957.0
1454846,4957.0
1455096,4958.0
1455796,4960.0
1456096,4961.0
1457296,4965.0
1457346,4965.0
1457696,4967.0
1457943,4967.0
1458396,4969.0
1458796,4970.0
1459396,4972.0
1459846,4974.0
1460996,4978.0
1461146,4978.0
1461496,4980.0
1462596,4983.0
1462746,4984.0
1463146,4985.0
1463746,4987.0
1463996,4988.0
1464096,4988.0
1465546,4993.0
1465796,4994.0
1466046,4995.0
1466146,4995.0
1466147,4995.0
1466596,4997.0
1466796,4998.0
1467396,5000.0
1467796,5001.0
1468491,5003.0
1469546,5007.0
1470346,5010.0
1470746,5011.0
1471496,5014.0
1472296,5016.0
1472646,5018.0
1473646,5021.0
1473746,5021.0
1473765,5021.0
1475946,5029.0
1476296,5030.0
1476402,5030.0
1476796,5032.0
1477546,5034.0
1478446,5037.0
1479046,5040.0
1479746,5042.0
1480596,5045.0
1480896,5046.0
1481196,5047.0
1481396,5048.0
1482746,5052.0
1483096,5053.0
1483146,5054.0
1484606,5058.0
1484746,5059.0
1485346,5061.0
1485485,5061.0
1485946,5063.0
1486196,5064.0
1487396,5068.0
1487536,5068.0
1487546,5069.0
1487829,5069.0
1487896,5070.0
1488646,5072.0
1488996,5073.0
1489346,5075.0
1489996,5077.0
1490696,5079.0
1492346,5085.0
1492846,5087.0
1492946,5087.0
1493396,5088.0
1493846,5090.0
1494146,5091.0
1494446,5092.0
1494546,5092.0
1495246,5095.0
1496046,5098.0
1497596,5103.0
1498046,5104.0
1498746,5107.0
1498996,5108.0
1499396,5109.0
1500696,5113.0
1501646,5117.0
1501696,5117.0
1502479,5119.0
1503651,5123.0
1503896,5124.0
1504446,5126.0
1504496,5126.0
1505046,5128.0
1505396,5129.0
1505596,5130.0
1505696,5130.0
1505702,5130.0
1506581,5133.0
1506796,5134.0
1507396,5136.0
1507796,5138.0
1508046,5138.0
1508339,5139.0
1508946,5142.0
1509146,5142.0
1509646,5144.0
1511146,5149.0
1511546,5150.0
1513596,5157.0
1513796,5158.0
1514446,5160.0
1514896,5162.0
1515078,5162.0
1515746,5165.0
1516296,5167.0
1517146,5170.0
1517546,5171.0
1517896,5172.0
1518746,5175.0
1519446,5177.0
1520296,5180.0
1520396,5181.0
1521096,5183.0
1521696,5185.0
1521796,5185.0
1522246,5187.0
1524796,5196.0
1525196,5197.0
1525246,5197.0
1526505,5201.0
1527346,5204.0
1527446,5205.0
1528396,5208.0
1530296,5214.0
1531193,5217.0
1531446,5218.0
1531496,5219.0
1532396,5222.0
1533346,5225.0
1534596,5229.0
1536546,5236.0
1537246,5238.0
1537746,5240.0
1540276,5248.0
1540946,5251.0
1542296,5255.0
1542620,5256.0
1543499,5259.0
1544596,5263.0
1544796,5264.0
1545346,5266.0
1545896,5268.0
1546146,5269.0
1547946,5275.0
1547996,5275.0
1548196,5276.0
1548446,5276.0
1548846,5278.0
1550146,5282.0
1550696,5284.0
1551346,5286.0
1552046,5289.0
1553196,5293.0
1553246,5293.0
1553596,5294.0
1554096,5296.0
1554246,5296.0
1554633,5297.0
1555246,5300.0
1555446,5300.0
1555512,5300.0
1556146,5303.0
1556946,5305.0
1557696,5308.0
1558346,5310.0
1558746,5312.0
1558896,5312.0
1559396,5314.0
1559446,5314.0
1559614,5314.0
1560796,5319.0
1561946,5322.0
1563346,5327.0
1563546,5328.0
1563996,5329.0
1565496,5335.0
1565746,5335.0
1567796,5342.0
1567946,5343.0
1568796,5346.0
1570846,5353.0
1570896,5353.0
1571996,5357.0
1572146,5357.0
1573946,5363.0
1574596,5366.0
1576096,5371.0
1576746,5373.0
1577096,5374.0
1577296,5375.0
1577346,5375.0
1578746,5380.0
1579496,5382.0
1579596,5383.0
1579746,5383.0
1580296,5385.0
1581296,5388.0
